"r_fl_fe","pval_fl_fe","r_fl_re","pval_fl_re","I2_lower","I2_upper"
0.94887562371268,7.27584573933753e-49,0.965658479554623,8.0810370517301e-57,93,3
